Workbook

Sheet Fiche de suivi 2025
C1: Tableau de suivi des dossiers - Laboratoire Performance Energétique des lave - linge / Année 2025
A2: TOTAL Offre de prix : | E2: =SUM(T12:T80) -> 181100 | W2: Durée moyenne d'éxécution des essais | X2: Durée moyenne de traitement de dossier | Z2: Nbr de dossiers : | AB2: =MAX(A12:A131) -> 44
A3: Facturation : | C3: Capacité : | E3: =U36+U46+U47+U49 -> 4200 | G3: =E3/$E$7 -> 0.026282854 | Z3: Nbr d'appareil : | AB3: =MAX(B12:B161) -> 73
C4: Constat / autre : | E4: =U15+U19+U34+U37+U39+U41+U44+U43+U52+U68+U64+U67+U77+U81 -> 15600 | G4: =E4/$E$7 -> 0.097622028 | T4: =T5/160000 -> 1.131875 | V4: reste a payé
C5: Labo client : | G5: =E5/$E$7 -> 0 | T5: =SUM(T12:T80) -> 181100 | U5: =SUM(U12:U80) -> 159200 | V5: =T5-U5 -> 21900
C6: Labo CETIME : | E6: =U12+U14+U16+U17+U24+U23+U22+U29+U30+U31+U35+U38+U42+U45+U51+U54+U61+U57+U63+U79 -> 135000 | G6: =E6/$E$7 -> 0.84480601 | K6: =SUM(K12:K100) -> 15 | L6: =SUM(L12:L234) -> 0 | N6: =SUM(N12:N100) -> 7 | O6: =SUM(O12:O100) -> 11 | P6: =SUM(P12:P100) -> 30 | Q6: =SUM(Q12:Q100) -> 54 | R6: =SUM(R12:R100) -> 6 | S6: =SUM(S12:S100) -> 7 | V6: =V5/E2 -> 0.12092766 | W6: =AVERAGE(W12:W46) -> 15.966667 | X6: =AVERAGE(X12:X46) -> 26.545455 | AG6: Respect des délais
C7: Total : | E7: =E3+E4+E5+E6+U26 -> 159800 | G7: =E7/E2 -> 0.88238542 | W7: =MAX(W12:W46) -> 37 | X7: =MAX(X12:X46) -> 70 | AG7: =SUM(AG12:AG100) -> 40 | AJ7: Délais reception / confirmation
W8: =MIN(W12:W46) -> 1 | X8: =MIN(X12:X46) -> 1
A9: N° | C9: Code Projet | E9: Client | F9: Marque | G9: Modèle | H9: Kg | I9: Type de l'essai | J9: Réception échantillons | N9: En cours | P9: Achevés | R9: Confirmation | T9: Offre de prix | U9: Facturation | W9: Délai de réalisation / essai (jours) | X9: Délai de traitement de dossier (jours) | Z9: Rapport d'essai
Z10: Date
J11: Date | K11: Récep | L11: Stock | M11: Etat | T11: Montant HT | U11: Montant HT | V11: Date
A12: 1 | B12: 1 | C12: A373 | D12: A373251 | E12: ELECTRO SERVICE | F12: TELEFUNKEN | G12: TL0914T3DG | H12: 9 | I12: Classification | J12: 45663 | M12: Rendu | P12: 1 | Q12: 1 | T12: 9500 | U12: 9500 | V12: 45665 | W12: =Z12-(MAX(V12,J12)) -> 13 | X12: =Z12-J12 -> 15 | Y12: =IF(W12<21,"Dans les délais","Hors délais") -> Dans les délais | Z12: 45678 | AG12: =IF(Y12="dans les délais",1,0) -> 1 | AJ12: =V12-J12 -> 2
B13: 2 | C13: A373 | D13: A373251 | F13: TELEFUNKEN | G13: TL1014T3DG | H13: 10 | I13: Classification | J13: 45663 | M13: Rendu | Q13: 1 | V13: 45665 | W13: =Z13-(MAX(V13,J13)) -> 13 | Y13: =IF(W13<30,"Dans les délais","Hors délais") -> Dans les délais | Z13: 45678 | AG13: =IF(Y13="dans les délais",1,0) -> 1 | AJ13: =V13-J13 -> 2
A14: 2 | B14: 3 | C14: A373 | D14: A373252 | E14: DELTA TRADING | F14: NEWSTAR | G14: MFA1214 | H14: 12 | I14: Classification | J14: 45666 | M14: Rendu | P14: 1 | Q14: 1 | T14: 5000 | U14: 5000 | V14: 45673 | W14: =Z14-(MAX(V14,J14)) -> 5 | X14: =Z14-J14 -> 12 | Y14: =IF(W14<30,"Dans les délais","Hors délais") -> Dans les délais | Z14: 45678 | AG14: =IF(Y14="dans les délais",1,0) -> 1 | AJ14: =V14-J14 -> 7
A15: 3 | B15: 4 | C15: A373 | D15: A373253 | E15: GAN Distribution | F15: Mont blanc | G15: BU1050 | H15: 7 | I15: Constat | J15: 45666 | M15: Rendu | P15: 1 | Q15: 1 | T15: 600 | U15: 600 | V15: 45678 | W15: =Z15-(MAX(V15,J15)) -> 21 | X15: =Z15-J15 -> 33 | Y15: =IF(W15<15,"Dans les délais","Hors délais") -> Hors délais | Z15: 45699 | AG15: =IF(Y15="dans les délais",1,0) -> 0 | AJ15: =V15-J15 -> 12
A16: 4 | B16: 5 | C16: A371 | D16: A373251 | E16: El Athir Service | F16: TCL | G16: P606FLW | H16: 6 | I16: Classification | J16: 45663 | M16: Rendu | P16: 1 | Q16: 1 | T16: 5000 | U16: 5000 | V16: 45667 | W16: =Z16-(MAX(V16,J16)) -> 25 | X16: =Z16-J16 -> 29 | Y16: =IF(W16<30,"Dans les délais","Hors délais") -> Dans les délais | Z16: 45692 | AG16: =IF(Y16="dans les délais",1,0) -> 1 | AJ16: =V16-J16 -> 4
A17: 5 | B17: 6 | C17: A373 | D17: A373254 | E17: Brandt Tunisie | F17: Brandt | G17: BLF942QSBL | H17: 9 | I17: Classification | J17: 45672 | M17: Rendu | P17: 1 | Q17: 1 | T17: 11300 | U17: 9500 | V17: 45691 | W17: =Z17-(MAX(V17,J17)) -> 37 | X17: =Z17-J17 -> 56 | Y17: =IF(W17<30,"Dans les délais","Hors délais") -> Hors délais | Z17: 45728 | AG17: =IF(Y17="dans les délais",1,0) -> 0 | AJ17: =V17-J17 -> 19
B18: 7 | C18: A373 | D18: A373254 | F18: Brandt | G18: BAM1052SBL | H18: 10 | I18: Classification | J18: 45672 | M18: Rendu | Q18: 1 | V18: 45691 | W18: =Z18-(MAX(V18,J18)) -> 24 | Y18: =IF(W18<30,"Dans les délais","Hors délais") -> Dans les délais | Z18: 45715 | AG18: =IF(Y18="dans les délais",1,0) -> 1 | AJ18: =V18-J18 -> 19
B19: 8 | C19: A373 | D19: A373254 | F19: Brandt | G19: BLF742S | H19: 7 | I19: Constat | J19: 45672 | M19: Rendu | Q19: 1 | U19: 1800 | V19: 45691 | W19: =Z19-(MAX(V19,J19)) -> 8 | Y19: =IF(W19<30,"Dans les délais","Hors délais") -> Dans les délais | Z19: 45699 | AG19: =IF(Y19="dans les délais",1,0) -> 1 | AJ19: =V19-J19 -> 19
B20: 9 | C20: A373 | D20: A373254 | F20: Brandt | G20: BAM84SBL | H20: 8 | I20: Constat | J20: 45672 | M20: Rendu | Q20: 1 | V20: 45691 | W20: =Z20-(MAX(V20,J20)) -> 8 | Y20: =IF(W20<30,"Dans les délais","Hors délais") -> Dans les délais | Z20: 45699 | AG20: =IF(Y20="dans les délais",1,0) -> 1 | AJ20: =V20-J20 -> 19
B21: 10 | C21: A373 | D21: A373254 | F21: Brandt | G21: BAM1052WBL | H21: 10 | I21: Constat | J21: 45672 | M21: Rendu | Q21: 1 | V21: 45691 | W21: =Z21-(MAX(V21,J21)) -> 24 | Y21: =IF(W21<30,"Dans les délais","Hors délais") -> Dans les délais | Z21: 45715 | AG21: =IF(Y21="dans les délais",1,0) -> 1 | AJ21: =V21-J21 -> 19
A22: 6 | B22: 11 | C22: A371 | D22: A371253 | E22: ELECTRO SERVICE | F22: TELEFUNKEN | G22: TL0610T0W | H22: 6 | I22: Classification | J22: 45687 | M22: Rendu | P22: 1 | Q22: 1 | T22: 5000 | U22: 5000 | V22: 45709 | W22: =Z22-(MAX(V22,J22)) -> 6 | X22: =Z22-J22 -> 28 | Y22: =IF(W22<30,"Dans les délais","Hors délais") -> Dans les délais | Z22: 45715 | AG22: =IF(Y22="dans les délais",1,0) -> 1 | AJ22: =V22-J22 -> 22
A23: 7 | B23: 12 | C23: A371 | D23: A371256 | E23: CONDOR ELECTRONICS INTERNATIONAL | F23: Condor | G23: WF6-A12 | H23: 6 | I23: Classification | J23: 45692 | M23: Rendu | P23: 1 | Q23: 1 | T23: 4000 | U23: 4000 | V23: 45701 | W23: =Z23-(MAX(V23,J23)) -> 36 | X23: =Z23-J23 -> 45 | Y23: =IF(W23<30,"Dans les délais","Hors délais") -> Hors délais | Z23: 45737 | AG23: =IF(Y23="dans les délais",1,0) -> 0 | AJ23: =V23-J23 -> 9
A24: 8 | B24: 13 | C24: A373 | D24: A373255 | E24: NEWSTAR | F24: NEWSTAR | G24: MFA0810 | H24: 8 | I24: Classification | J24: 45687 | M24: Rendu | P24: 1 | Q24: 1 | T24: 9500 | U24: 9500 | V24: 45695 | W24: =Z24-(MAX(V24,J24)) -> 27 | X24: =Z25-J25 -> 40 | Y24: =IF(W24<30,"Dans les délais","Hors délais") -> Dans les délais | Z24: 45722 | AG24: =IF(Y24="dans les délais",1,0) -> 1 | AJ24: =V24-J24 -> 8
B25: 14 | C25: A373 | D25: A373255 | F25: NEWSTAR | G25: MFA0910 | H25: 9 | I25: Classification | J25: 45687 | M25: Rendu | Q25: 1 | V25: 45695 | W25: =Z25-(MAX(V25,J25)) -> 32 | Y25: =IF(W25<30,"Dans les délais","Hors délais") -> Hors délais | Z25: 45727 | AG25: =IF(Y25="dans les délais",1,0) -> 0 | AJ25: =V25-J25 -> 8
A26: 9 | B26: 15 | C26: A373 | D26: A373257 | E26: MONDIAL CONFORT | F26: Beko | G26: B3WFT51242MG | H26: 12 | I26: Classification | J26: 45692 | M26: Rendu | P26: 1 | Q26: 1 | T26: 5000 | U26: 5000 | V26: 45698 | W26: =Z26-(MAX(V26,J26)) -> 10 | X26: =Z26-J26 -> 16 | Y26: =IF(W26<30,"Dans les délais","Hors délais") -> Dans les délais | Z26: 45708 | AG26: =IF(Y26="dans les délais",1,0) -> 1 | AJ26: =V26-J26 -> 6
A27: 10 | B27: 16 | C27: A373 | D27: A373258 | E27: CROCUS COMPANY TRAIDING | F27: AZUR | G27: AZ1210T2T | H27: 12 | I27: Classification | J27: 45701 | M27: Rendu / sans essai | P27: 1 | Q27: 1 | T27: 5000 | U27: 0 | AG27: =IF(Y27="dans les délais",1,0) -> 0
A28: 11 | B28: 17 | C28: A371 | D28: A371257 | E28: CROCUS COMPANY TRAIDING | F28: AZUR | I28: Classification | J28: 45701 | K28: 1 | M28: reçu | R28: 1 | S28: 1 | T28: 5000 | AG28: =IF(Y28="dans les délais",1,0) -> 0
A29: 12 | B29: 18 | C29: A373 | D29: A373259 | E29: El Athir Service | F29: CANDY | G29: RO1411DMCRT | H29: 11 | I29: Classification | J29: 45702 | M29: Rendu | P29: 1 | Q29: 1 | T29: 5000 | U29: 5000 | V29: 45728 | W29: =Z29-(MAX(V29,J29)) -> 21 | X29: =Z29-J29 -> 47 | Y29: =IF(W29<30,"Dans les délais","Hors délais") -> Dans les délais | Z29: 45749 | AG29: =IF(Y29="dans les délais",1,0) -> 1 | AJ29: =V29-J29 -> 26
A30: 13 | B30: 19 | C30: A371 | D30: A371258 | E30: CONDOR ELECTRONICS INTERNATIONAL | F30: Condor | G30: CON-G610S | H30: 6 | I30: Classification | J30: 45723 | M30: Rendu | P30: 1 | Q30: 1 | T30: 4000 | U30: 4000 | V30: 45734 | W30: =Z30-(MAX(V30,J30)) -> 21 | X30: =Z30-J30 -> 32 | Y30: =IF(W30<30,"Dans les délais","Hors délais") -> Dans les délais | Z30: 45755 | AG30: =IF(Y30="dans les délais",1,0) -> 1 | AJ30: =V30-J30 -> 11
A31: 14 | B31: 20 | C31: A373 | D31: A3732510 | E31: MONDIAL CONFORT | F31: Beko | G31: BM1WFU36200BW | H31: 6 | I31: Classification | J31: 45750 | M31: Rendu | P31: 1 | Q31: 1 | T31: 9500 | U31: 9500 | V31: 45757 | W31: =Z31-(MAX(V31,J31)) -> 14 | X31: =Z31-J31 -> 21 | Y31: =IF(W31<30,"Dans les délais","Hors délais") -> Dans les délais | Z31: 45771 | AG31: =IF(Y31="dans les délais",1,0) -> 1 | AJ31: =V31-J31 -> 7
B32: 21 | C32: A373 | D32: A3732510 | F32: Beko | G32: BM3WFU47200BS | H32: 7 | I32: Classification | J32: 45750 | M32: Rendu | Q32: 1 | V32: 45757 | W32: =Z32-(MAX(V32,J32)) -> 13 | Y32: =IF(W32<30,"Dans les délais","Hors délais") -> Dans les délais | Z32: 45770 | AG32: =IF(Y32="dans les délais",1,0) -> 1 | AJ32: =V32-J32 -> 7
B33: 22 | C33: A373 | D33: A3732510 | F33: Beko | G33: B3WFU4822MG | H33: 8 | I33: Constat | J33: 45750 | M33: Rendu | Q33: 1 | V33: 45757 | W33: =Z33-(MAX(V33,J33)) -> 11 | Y33: =IF(W33<30,"Dans les délais","Hors délais") -> Dans les délais | Z33: 45768 | AG33: =IF(Y33="dans les délais",1,0) -> 1 | AJ33: =V33-J33 -> 7
A34: 15 | B34: 23 | C34: A373 | D34: A3732513 | E34: Brandt Tunisie | F34: Brandt | G34: BLF842B | H34: 8 | I34: Constat | J34: 45761 | M34: Rendu | P34: 1 | Q34: 1 | T34: 600 | U34: 600 | V34: 45770 | W34: =Z34-(MAX(V34,J34)) -> 6 | X34: =Z34-J34 -> 15 | Y34: =IF(W34<30,"Dans les délais","Hors délais") -> Dans les délais | Z34: 45776 | AG34: =IF(Y34="dans les délais",1,0) -> 1 | AJ34: =V34-J34 -> 9
A35: 16 | B35: 24 | C35: A373 | D35: A3732514 | E35: El Athir Service | F35: SAMSUNG | G35: WD11DB7B85GB | H35: 11 | I35: Classification | J35: 45769 | M35: Rendu | P35: 1 | Q35: 1 | T35: 5000 | U35: 5000 | V35: 45784 | W35: =Z35-(MAX(V35,J35)) -> 29 | X35: =Z35-J35 -> 44 | Y35: =IF(W35<30,"Dans les délais","Hors délais") -> Dans les délais | Z35: 45813 | AG35: =IF(Y35="dans les délais",1,0) -> 1 | AJ35: =V35-J35 -> 15
A36: 17 | B36: 25 | C36: A373 | D36: A3732515 | E36: El Athir Service | F36: SAMSUNG | G36: WD11DB7B85GB | H36: 11 | I36: Capacité | J36: 45771 | M36: Rendu | P36: 1 | Q36: 1 | T36: 700 | U36: 700 | V36: 45771 | W36: =Z36-(MAX(V36,J36)) -> 1 | X36: =Z36-J36 -> 1 | Y36: =IF(W36<30,"Dans les délais","Hors délais") -> Dans les délais | Z36: 45772 | AG36: =IF(Y36="dans les délais",1,0) -> 1 | AJ36: =V36-J36 -> 0
A37: 18 | B37: 26 | C37: A371 | D37: A3712511 | E37: COFEM | F37: Orient | G37: OW-F5V01S | H37: 5 | I37: Constat | J37: 45772 | M37: Rendu | P37: 1 | Q37: 1 | T37: 600 | U37: 600 | V37: 45775 | W37: =Z37-(MAX(V37,J37)) -> 4 | X37: =Z37-J37 -> 7 | Y37: =IF(W37<30,"Dans les délais","Hors délais") -> Dans les délais | Z37: 45779 | AG37: =IF(Y37="dans les délais",1,0) -> 1 | AJ37: =V37-J37 -> 3
A38: 19 | B38: 27 | C38: A373 | D38: A3732516 | E38: MONDIAL CONFORT | F38: Beko | G38: BM3WFT48400BS | H38: 8 | I38: Classification | J38: 45777 | M38: Rendu | P38: 1 | Q38: 1 | T38: 5000 | U38: 5000 | V38: 45792 | W38: =Z38-(MAX(V38,J38)) -> 29 | X38: =Z38-J38 -> 44 | Y38: =IF(W38<30,"Dans les délais","Hors délais") -> Dans les délais | Z38: 45821 | AG38: =IF(Y38="dans les délais",1,0) -> 1 | AJ38: =V38-J38 -> 15
A39: 20 | B39: 28 | C39: A373 | D39: A3732517 | E39: CASAPRO | F39: HOOVER | G39: H3W 272 DGG-04 | H39: 7 | I39: Constat | J39: 45782 | M39: Rendu | P39: 1 | Q39: 1 | T39: 600 | U39: 600 | V39: 45785 | W39: =Z39-(MAX(V39,J39)) -> 1 | X39: =Z39-J39 -> 4 | Y39: =IF(W39<30,"Dans les délais","Hors délais") -> Dans les délais | Z39: 45786 | AG39: =IF(Y39="dans les délais",1,0) -> 1 | AJ39: =V39-J39 -> 3
A40: 21 | B40: 29 | C40: A373 | D40: A3732518 | E40: SMART HOME DISTRIBUTION | F40: Fresh | H40: 4 | I40: Capacité | J40: 45783 | M40: Annulé | P40: 1 | Q40: 1 | T40: 700 | AG40: =IF(Y40="dans les délais",1,0) -> 0
A41: 22 | B41: 30 | C41: A373 | D41: A3732519 | E41: MONDIAL CONFORT | F41: Beko | G41: BM3WFTU47200BW | H41: 7 | I41: Constat | J41: 45785 | M41: Rendu | P41: 1 | Q41: 1 | T41: 600 | U41: 600 | V41: 45792 | W41: =Z41-(MAX(V41,J41)) -> 5 | X41: =Z41-J41 -> 12 | Y41: =IF(W41<30,"Dans les délais","Hors délais") -> Dans les délais | Z41: 45797 | AG41: =IF(Y41="dans les délais",1,0) -> 1 | AJ41: =V41-J41 -> 7
A42: 23 | B42: 31 | C42: A373 | D42: A3732521 | E42: El Athir Service | F42: SAMSUNG | G42: WW70T4020CX1 | H42: 7 | I42: Classification | J42: 45790 | M42: Rendu | P42: 1 | Q42: 1 | T42: 5600 | U42: 5000 | V42: 45806 | AG42: =IF(Y42="dans les délais",1,0) -> 0 | AJ42: =V42-J42 -> 16
B43: 32 | C43: A373 | D43: A3732521 | F43: SAMSUNG | G43: WW80T40CX1 | H43: 8 | I43: Constat | J43: 45790 | M43: Rendu | Q43: 1 | U43: 600 | V43: 45806 | AG43: =IF(Y43="dans les délais",1,0) -> 0 | AJ43: =V43-J43 -> 16
A44: 24 | B44: 33 | C44: A373 | D44: A3732522 | E44: COFEM | F44: Orient | G44: OW-F7N03S | H44: 7 | I44: Constat | J44: 45797 | M44: Rendu | P44: 1 | Q44: 1 | T44: 600 | U44: 600 | V44: 45800 | W44: =Z44-(MAX(V44,J44)) -> 3 | X44: =Z44-J44 -> 6 | Y44: =IF(W44<30,"Dans les délais","Hors délais") -> Dans les délais | Z44: 45803 | AG44: =IF(Y44="dans les délais",1,0) -> 1 | AJ44: =V44-J44 -> 3
A45: 25 | B45: 34 | C45: A371 | D45: A3712513 | E45: KWEL TRADE | F45: Beko | G45: BM1WFU36200BW | H45: 6 | I45: Classification | J45: 45804 | M45: Rendu | P45: 1 | Q45: 1 | T45: 5000 | U45: 5000 | V45: 45847 | W45: =Z45-(MAX(V45,J45)) -> 27 | X45: =Z45-J45 -> 70 | Y45: =IF(W45<30,"Dans les délais","Hors délais") -> Dans les délais | Z45: 45874 | AG45: =IF(Y45="dans les délais",1,0) -> 1
A46: 26 | B46: 35 | C46: A373 | D46: A3732523 | E46: CONDOR ELECTRONICS INTERNATIONAL | F46: Hisense | G46: WTJA1112T | H46: 11 TOP | I46: Capacité | J46: 45810 | M46: Rendu | P46: 1 | Q46: 1 | T46: 700 | U46: 700 | V46: 45812 | W46: =Z46-(MAX(V46,J46)) -> 5 | X46: =Z46-J46 -> 7 | Y46: =IF(W46<30,"Dans les délais","Hors délais") -> Dans les délais | Z46: 45817 | AG46: =IF(Y46="dans les délais",1,0) -> 1 | AJ46: =V46-J46 -> 2
A47: 27 | B47: 36 | C47: A373 | D47: A3732524 | E47: El Athir Service | F47: SAMSUNG | G47: WA80F1355 | H47: 13 TOP | I47: Capacité | J47: 45831 | M47: Rendu | P47: 1 | Q47: 1 | T47: 1400 | U47: 1400 | V47: 45838 | W47: =Z47-(MAX(V47,J47)) -> 3 | X47: =Z47-J47 -> 10 | Y47: =IF(W47<30,"Dans les délais","Hors délais") -> Dans les délais | Z47: 45841 | AG47: =IF(Y47="dans les délais",1,0) -> 1
B48: 37 | C48: A373 | D48: A3732524 | F48: SAMSUNG | G48: WA80F1958 | H48: 19 TOP | I48: Capacité | J48: 45831 | M48: Rendu | Q48: 1 | V48: 45838 | W48: =Z48-(MAX(V48,J48)) -> 3 | X48: =Z48-J48 -> 10 | Y48: =IF(W48<30,"Dans les délais","Hors délais") -> Dans les délais | Z48: 45841 | AG48: =IF(Y48="dans les délais",1,0) -> 1
A49: 28 | B49: 38 | C49: A373 | D49: A3732525 | E49: PERFECT HOME APPLIANCES | F49: TORNADO | G49: TH-HS12C-W bleu | H49: 12TWIN | I49: Capacité | J49: 45833 | M49: Rendu | P49: 1 | Q49: 1 | T49: 1400 | U49: 1400 | V49: 45839 | W49: =Z49-(MAX(V49,J49)) -> 7 | X49: =Z49-J49 -> 13 | Y49: =IF(W49<30,"Dans les délais","Hors délais") -> Dans les délais | Z49: 45846 | AG49: =IF(Y49="dans les délais",1,0) -> 1
B50: 39 | C50: A373 | D50: A3732525 | F50: TORNADO | G50: TH-HS12C-W noire | H50: 12TWIN | I50: Capacité | J50: 45833 | M50: Rendu | Q50: 1 | V50: 45839 | W50: =Z50-(MAX(V50,J50)) -> 7 | X50: =Z50-J50 -> 13 | Y50: =IF(W50<30,"Dans les délais","Hors délais") -> Dans les délais | Z50: 45846 | AG50: =IF(Y50="dans les délais",1,0) -> 1
A51: 29 | B51: 40 | C51: A373 | D51: A3732526 | E51: SELECT HARD WARE | F51: HUYNDAI | G51: HYN-WM814001.B01 | H51: 8 | I51: Classification | J51: 45838 | M51: Rendu | P51: 1 | Q51: 1 | T51: 6200 | U51: 5000 | V51: 45854 | W51: =Z51-(MAX(V51,J51)) -> 35 | X51: =Z51-J51 -> 51 | Y51: =IF(W51<30,"Dans les délais","Hors délais") -> Hors délais | Z51: 45889 | AG51: =IF(Y51="dans les délais",1,0) -> 0
B52: 41 | C52: A373 | D52: A3732526 | F52: HUYNDAI | G52: HYN-WM814001.DG01 | H52: 8 | I52: Constat | J52: 45838 | M52: Rendu | Q52: 1 | U52: 1200 | V52: 45854 | W52: =Z52-(MAX(V52,J52)) -> 35 | X52: =Z52-J52 -> 51 | Y52: =IF(W52<30,"Dans les délais","Hors délais") -> Hors délais | Z52: 45889 | AG52: =IF(Y52="dans les délais",1,0) -> 0
B53: 42 | C53: A373 | D53: A3732526 | F53: HUYNDAI | G53: HYN-WM814001.S01 | H53: 8 | I53: Constat | J53: 45838 | M53: Rendu | Q53: 1 | V53: 45854 | W53: =Z53-(MAX(V53,J53)) -> 35 | X53: =Z53-J53 -> 51 | Y53: =IF(W53<30,"Dans les délais","Hors délais") -> Hors délais | Z53: 45889 | AG53: =IF(Y53="dans les délais",1,0) -> 0
A54: 30 | B54: 43 | C54: A373 | D54: A3732527 | E54: CONDOR ELECTRONICS INTERNATIONAL | F54: Hisense | G54: WFS1243BT | H54: 12 | I54: Classification | J54: 45853 | M54: Rendu | P54: 1 | Q54: 1 | T54: 12000 | U54: 12000 | V54: 45866 | W54: =Z54-(MAX(V54,J54)) -> 36 | X54: =Z54-J54 -> 49 | Y54: =IF(W54<30,"Dans les délais","Hors délais") -> Hors délais | Z54: 45902 | AG54: =IF(Y54="dans les délais",1,0) -> 0
B55: 44 | C55: A373 | D55: A3732527 | F55: Hisense | G55: WFS1043BT | H55: 10.5 | I55: Classification | J55: 45853 | M55: Rendu | Q55: 1 | V55: 45866 | W55: =Z55-(MAX(V55,J55)) -> 35 | X55: =Z55-J55 -> 48 | Y55: =IF(W55<30,"Dans les délais","Hors délais") -> Hors délais | Z55: 45901 | AG55: =IF(Y55="dans les délais",1,0) -> 0
B56: 45 | C56: A373 | D56: A3732527 | F56: Hisense | G56: WDSE1214VJMWB | H56: 12 | I56: Classification | J56: 45853 | M56: Rendu | Q56: 1 | V56: 45866 | W56: =Z56-(MAX(V56,J56)) -> 35 | X56: =Z56-J56 -> 48 | Y56: =IF(W56<30,"Dans les délais","Hors délais") -> Hors délais | Z56: 45901 | AG56: =IF(Y56="dans les délais",1,0) -> 0
A57: 31 | B57: 46 | C57: A373 | D57: A3732528 | E57: SODIG | G57: 710T1S | H57: 7 | I57: Classification | M57: non reçu | N57: 1 | O57: 1 | T57: 17000 | U57: 17000 | V57: 45888 | AG57: =IF(Y57="dans les délais",1,0) -> 0
B58: 47 | C58: A373 | D58: A3732528 | G58: 812T2S | H58: 8 | I58: Classification | M58: non reçu | O58: 1 | V58: 45888 | AG58: =IF(Y58="dans les délais",1,0) -> 0
B59: 48 | C59: A373 | D59: A3732528 | G59: 912T2S | H59: 9 | I59: Classification | M59: non reçu | O59: 1 | V59: 45888 | AG59: =IF(Y59="dans les délais",1,0) -> 0
B60: 49 | C60: A373 | D60: A3732528 | G60: 1014T2S | H60: 10 | I60: Classification | M60: non reçu | O60: 1 | V60: 45888 | AG60: =IF(Y60="dans les délais",1,0) -> 0
A61: 32 | B61: 50 | C61: A373 | D61: A3732529 | E61: ELECTRO DIESEL TUNISIE | F61: SCNEIDER | I61: Classification | K61: 1 | M61: en cours | N61: 1 | O61: 1 | T61: 5000 | U61: 5000 | V61: 45874 | AG61: =IF(Y61="dans les délais",1,0) -> 0
A62: 33 | B62: 51 | C62: A371 | D62: A3712514 | E62: SODIG | F62: CL | I62: Classification | J62: 45867 | K62: 1 | M62: reçu | R62: 1 | S62: 1 | T62: 5000 | AG62: =IF(Y62="dans les délais",1,0) -> 0
A63: 34 | B63: 52 | C63: A373 | D63: A3732530 | E63: KWEL TRADE | F63: Beko | G63: BM3WFT49400BS | H63: 9 | I63: Classification | J63: 45868 | K63: 1 | M63: en cours | N63: 1 | O63: 1 | T63: 6800 | U63: 5000 | V63: 45891 | AG63: =IF(Y63="dans les délais",1,0) -> 0
B64: 53 | C64: A373 | D64: A3732530 | E64: KWEL TRADE | F64: Beko | G64: BM3WFU47200BW | H64: 7 | I64: Constat | J64: 45868 | M64: Rendu | Q64: 1 | U64: 1800 | V64: 45891 | W64: =Z64-(MAX(V64,J64)) -> 3 | X64: =Z64-J64 -> 26 | Y64: =IF(W64<30,"Dans les délais","Hors délais") -> Dans les délais | Z64: 45894 | AG64: =IF(Y64="dans les délais",1,0) -> 1
B65: 54 | C65: A373 | D65: A3732530 | E65: KWEL TRADE | F65: Beko | G65: BM3WFU47200BS | H65: 7 | I65: Constat | J65: 45868 | M65: Rendu | Q65: 1 | V65: 45891 | W65: =Z65-(MAX(V65,J65)) -> 3 | X65: =Z65-J65 -> 26 | Y65: =IF(W65<30,"Dans les délais","Hors délais") -> Dans les délais | Z65: 45894 | AG65: =IF(Y65="dans les délais",1,0) -> 1
B66: 55 | C66: A373 | D66: A3732530 | E66: KWEL TRADE | F66: Beko | G66: BM3WFT48400BS | H66: 8 | I66: Constat | J66: 45868 | M66: Rendu | Q66: 1 | V66: 45891 | W66: =Z66-(MAX(V66,J66)) -> 4 | X66: =Z66-J66 -> 27 | Y66: =IF(W66<30,"Dans les délais","Hors délais") -> Dans les délais | Z66: 45895 | AG66: =IF(Y66="dans les délais",1,0) -> 1
A67: 35 | B67: 56 | C67: A373 | D67: A3732531 | E67: 3 STAR TRADING | F67: SAMSUNG | H67: 9 | I67: Constat | J67: 45876 | K67: 1 | M67: reçu | N67: 1 | O67: 1 | T67: 600 | U67: 600 | V67: 45898 | AG67: =IF(Y67="dans les délais",1,0) -> 0
A68: 36 | B68: 57 | C68: A373 | D68: A3732532 | E68: SODIG | F68: LG | G68: F4R5VGG2E | H68: 9 | I68: Constat | J68: 45877 | M68: Sur site | P68: 1 | Q68: 1 | T68: 4200 | U68: 4200 | V68: 45887 | W68: =Z68-(MAX(V68,J68)) -> 16 | X68: =Z68-J68 -> 26 | Y68: =IF(W68<30,"Dans les délais","Hors délais") -> Dans les délais | Z68: 45903 | AG68: =IF(Y68="dans les délais",1,0) -> 1
B69: 58 | C69: A373 | D69: A3732532 | F69: LG | G69: F4R3VYG6P | H69: 9 | I69: Constat | J69: 45877 | M69: Sur Site | Q69: 1 | V69: 45887 | W69: =Z69-(MAX(V69,J69)) -> 14 | X69: =Z69-J69 -> 24 | Y69: =IF(W69<30,"Dans les délais","Hors délais") -> Dans les délais | Z69: 45901 | AG69: =IF(Y69="dans les délais",1,0) -> 1
B70: 59 | C70: A373 | D70: A3732532 | F70: LG | G70: F4R5VYG2T | H70: 9 | I70: Constat | J70: 45877 | M70: Sur site | Q70: 1 | V70: 45887 | W70: =Z70-(MAX(V70,J70)) -> 16 | X70: =Z70-J70 -> 26 | Y70: =IF(W70<30,"Dans les délais","Hors délais") -> Dans les délais | Z70: 45903 | AG70: =IF(Y70="dans les délais",1,0) -> 1
B71: 60 | C71: A373 | D71: A3732532 | F71: LG | G71: 600-b/2022 | H71: 8 | I71: Constat | J71: 45877 | M71: Sur site | Q71: 1 | V71: 45887 | W71: =Z71-(MAX(V71,J71)) -> 16 | X71: =Z71-J71 -> 26 | Y71: =IF(W71<30,"Dans les délais","Hors délais") -> Dans les délais | Z71: 45903 | AG71: =IF(Y71="dans les délais",1,0) -> 1
B72: 61 | C72: A373 | D72: A3732532 | F72: LG | G72: FH2J3QDNG0P | H72: 7 | I72: Constat | J72: 45877 | M72: Sur Site | Q72: 1 | V72: 45887 | W72: =Z72-(MAX(V72,J72)) -> 15 | X72: =Z72-J72 -> 25 | Y72: =IF(W72<30,"Dans les délais","Hors délais") -> Dans les délais | Z72: 45902 | AG72: =IF(Y72="dans les délais",1,0) -> 1
B73: 62 | C73: A373 | D73: A3732532 | F73: LG | G73: F2J3QYG6J | H73: 7 | I73: Constat | J73: 45877 | M73: Sur Site | Q73: 1 | V73: 45887 | W73: =Z73-(MAX(V73,J73)) -> 14 | X73: =Z73-J73 -> 24 | Y73: =IF(W73<30,"Dans les délais","Hors délais") -> Dans les délais | Z73: 45901 | AG73: =IF(Y73="dans les délais",1,0) -> 1
B74: 63 | C74: A373 | D74: A3732532 | F74: LG | G74: FH2J3TNG5P | H74: 8 | I74: Constat | J74: 45877 | M74: Sur Site | Q74: 1 | V74: 45887 | W74: =Z74-(MAX(V74,J74)) -> 15 | X74: =Z74-J74 -> 25 | Y74: =IF(W74<30,"Dans les délais","Hors délais") -> Dans les délais | Z74: 45902 | AG74: =IF(Y74="dans les délais",1,0) -> 1
A75: 37 | B75: 64 | C75: A373 | D75: A3732533 | E75: El Athir Service | F75: SAMSUNG | G75: WW80T40CX1 | I75: Constat | J75: 45889 | K75: 1 | M75: reçu | R75: 1 | S75: 1 | T75: 1200 | AG75: =IF(Y75="dans les délais",1,0) -> 0
B76: 65 | C76: A373 | D76: A3732533 | E76: El Athir Service | F76: CANDY | G76: GVS149 | I76: Constat | J76: 45889 | K76: 1 | M76: reçu | S76: 1 | AG76: =IF(Y76="dans les délais",1,0) -> 0
A77: 38 | B77: 66 | C77: A373 | D77: A3732534 | E77: CDCD | F77: Whirlpool | I77: Constat | K77: 1 | M77: reçu | N77: 1 | O77: 1 | T77: 1200 | U77: 1200 | V77: 45898 | AG77: =IF(Y77="dans les délais",1,0) -> 0
B78: 67 | C78: A373 | D78: A3732534 | F78: Whirlpool | I78: Constat | K78: 1 | M78: reçu | O78: 1 | V78: 45898 | AG78: =IF(Y78="dans les délais",1,0) -> 0
A79: 39 | B79: 68 | C79: A373 | D79: A3732535 | E79: Brandt Tunisie | F79: Brandt | I79: Classification | K79: 1 | M79: reçu | N79: 1 | O79: 1 | T79: 5000 | U79: 5000 | V79: 45897 | AG79: =IF(Y79="dans les délais",1,0) -> 0
A80: 40 | B80: 69 | C80: A373 | D80: A3732536 | E80: Electromed | F80: Biolux | G80: MAXY80S | I80: Classification | K80: 1 | M80: non reçu | R80: 1 | S80: 1 | T80: 5000
A81: 41 | B81: 70 | C81: A373 | D81: A3732537 | E81: Brandt Tunisie | F81: Brandt | I81: Constat | K81: 1 | M81: reçu | N81: 1 | O81: 1 | T81: 600 | U81: 600 | V81: 45902
A82: 42 | B82: 71 | C82: A373 | D82: A3732538 | E82: 3 STAR TRADING | F82: SAMSUNG | H82: 7 | I82: Contat | K82: 1 | M82: reçu | R82: 1 | S82: 1 | T82: 600
A83: 43 | B83: 72 | C83: A373 | D83: A3732539 | E83: SELECT HARD WARE | K83: 1 | M83: reçu | R83: 1 | S83: 1
A84: 44 | B84: 73 | C84: A373 | D84: A3732540 | E84: CONDOR ELECTRONICS INTERNATIONAL | G84: F710L | H84: 7 | I84: Classification | K84: 1 | M84: non reçu | T84: 4000

Sheet MV
E1: Direction Centrale des Laboratoires Electriques / D C L E
E2: Laboratoire de Performance Energétique des Laves - linge / Laboratoire P E L
E3: Tableau de bord / Mangement Visuel
A6: Réalisation & En cours 2025
P8: Planification sur 2 semaines
B10: Nombre Total | F10: ='Fiche de suivi 2025'!AB2 -> 44 | J10: ='Fiche de suivi 2025'!AB3 -> 73 | O10: Client | Q10: Marque / Modèle | S10: Kg | T10: Type d'essai | Y10: Nombre total | Z10: Nombre de demandes (essai + CT) reçus depuis le début de l'année 2025 / Nombre des échantillons réçus depuis le debut de l'année 2025
B11: Achvés : | F11: ='Fiche de suivi 2025'!P6 -> 30 | H11: =F11/F10 -> 0.68181818 | J11: ='Fiche de suivi 2025'!Q6 -> 54 | L11: =J11/J10 -> 0.73972603 | Y11: Achevés | Z11: Nombre de demandes (essai + CT) confirmés par le client et dont les essais ont étés achevés / Nombre des échantillons dont les essais ont étés achevés
B12: En cours de traitement : | F12: ='Fiche de suivi 2025'!N6 -> 7 | H12: =F12/F10 -> 0.15909091 | J12: ='Fiche de suivi 2025'!O6 -> 11 | L12: =J12/J10 -> 0.15068493 | Y12: En cours de traitement | Z12: Nombre de demandes (essai + CT) confirmés par le client et dont les essais sont en cours / Nombre des échantillons dont les essais sont en cours
B13: Attente confirmation : | F13: ='Fiche de suivi 2025'!R6 -> 6 | H13: =F13/F10 -> 0.13636364 | J13: ='Fiche de suivi 2025'!S6 -> 7 | L13: =J13/J10 -> 0.095890411 | Y13: Attente de confirmation | Z13: Nombre de demandes (essai + CT) dont les devis sont envoyés mais reste sans confirmation par le client
Y14: Durée moyenne d'éxécution des essais | Z14: Durée moyenne des essais sur un échantillon depuis la date de confirmation jusqu'au la date d'émission du rapport
D15: Durée moyenne de traitement de dossier | J15: Durée moyenne d'éxécution des essais | Z15: = Moyenne (Date d'émission du raport - Date de facturation)
Y16: Durée moyenne de traitement de dossier | Z16: Durée moyenne de traitement des dossiers depuis la date de réception de la demande et des échantillons jusqu'au la date d'émission du dernier rapport
D17: ='Fiche de suivi 2025'!X6 -> 26.545455 | F17: jours | J17: ='Fiche de suivi 2025'!W6 -> 15.966667 | L17: jours | N17: Respect des délais = | S17: ='Fiche de suivi 2025'!AG7/MV!J11 -> 0.74074074 | Z17: = Moyenne (Date d'émission du dernier raport - Date de réception de la demande)
Y18: Réception / En attente d'essai | Z18: Nombre d'échantillons actuellement reçu et en attente de confirmation client ou essai (dans la zone de réception)
A20: Stock & Espace | Z20: Espace occupé : espace occupé par les échantillons reçus à raison de 0,64 m² par échantillon (surface de la zonne 2 m²)
Y21: Stockage / Retour client | Z21: Nombre d'échantillons dont les essais sont achevés et en attente de récupération par le client (dans la zone de stockage)
D22: Réception / En attente d'essai | Q22: Stockage / Retour client
D23: =('Fiche de suivi 2025'!K6) -> 15 | E23: Appareils | G23: Espce occupé | Q23: ='Fiche de suivi 2025'!L6 -> 0 | R23: Appareils | T23: Espce occupé | Z23: Espace occupé : espace occupé par les échantillons en attente de récupération par le client à raison de 0,64 m² par échantillon (surface de la zonne 2 m²)
G24: =D23*0.64 -> 9.6 | H24: m² | I24: =G24/2 -> 4.8 | T24: =Q23*0.64 -> 0 | U24: m² | V24: =T24/2 -> 0 | Y24: Taux de respect des délais | Z24: Nombre des rapports dans les délais (30 jours par défaut) / nombre total des rapports
A26: Performance des Moyens d'essai (Equipements de laboratoire) | Y26: M T B F | Z26: Durée moyenne entre les pannes (arrêt non programmé)
Y27: M T T R | Z27: Durée moyenne de remise en état de fonctionnement après un arrêt non programmé
B28: Taux de disponibilité des moyens d'essais | J28: MTBF | M28: Arrêt programmé 2025 | P28: Taux de d'occupation des moyens d'essais
Y29: Arrêt programmé | Z29: Nombre de jours d'arrêt planifié à l'avance (étalonnage / maintenance préventive)
J30: Temps Moyen entre Pannes
Y31: Arrêt non programmé | Z31: Nombre de jours d'arrêt de fonctionnement accidentel du laboratoire suite à une panne
Y33: Taux de disponibilité des moyens d'essais | Z33: Représente le pourcentage de temps durant lequel les équipements du laboratoire sont opérationnels ((jours de travail - jours d'arrêt) / jours de travail)
J34: =Feuil2!D24 -> 400 | K34: jours | M34: =Feuil2!O5 -> 2 | N34: jours
Y36: Taux de d'occupation des moyens d'essais | Z36: Représente le pourcentage de jours d'utilisation des équipements du laboratoires ((jours de travail - jours d'utilisation) / jours de travail)
J38: MTTR | M38: Arrêt non programmé 2025
J40: Temps Moyen de Réparation
J44: =Feuil2!D25 -> 3 | K44: jours | M44: =Feuil2!G34 -> 0 | N44: jours

Sheet Feuil2
C3: Janvier | D3: Fevrier | E3: Mars | F3: Avril | G3: Mai | H3: Juin | I3: Juillet | J3: Août | K3: Septembre | L3: Octobre | M3: Novembre | N3: Décembre | O3: Somme / Moyenne
A4: 1 | B4: Jour de travail | C4: 22 | D4: 20 | E4: 19 | F4: 21 | G4: 21 | H4: 19 | I4: 22 | J4: 20 | K4: 21 | L4: 22 | M4: 20 | N4: 22 | O4: =SUM(C4:N4) -> 249
A5: 2 | B5: Arrêt programmé (Etalonnage / maintenance préventive) | C5: 0 | D5: 2 | E5: 0 | O5: =SUM(C5:N5) -> 2
B6: Arrêt non programmé (panne / défaut de foctionnement) | C6: 0 | D6: 0 | E6: 0 | O6: =SUM(C6:N6) -> 0
B7: Nombre de jours d'arrêt | C7: =SUM(C5:C6) -> 0 | D7: =SUM(D5:D6) -> 2 | E7: =SUM(E5:E6) -> 0 | F7: =SUM(F5:F6) -> 0 | G7: =SUM(G5:G6) -> 0 | H7: =SUM(H5:H6) -> 0 | I7: =SUM(I5:I6) -> 0 | J7: =SUM(J5:J6) -> 0 | ... N7: =SUM(N5:N6) -> 0
A8: 3 | B8: Taux de disponibilité des moyens d'essais | C8: =(C4-C7)/C4 -> 1 | D8: =(D4-D7)/D4 -> 0.9 | E8: =(E4-E7)/E4 -> 1 | F8: =(F4-F7)/F4 -> 1 | G8: =(G4-G7)/G4 -> 1 | H8: =(H4-H7)/H4 -> 1 | I8: =(I4-I7)/I4 -> 1 | J8: =(J4-J7)/J4 -> 1 | ... N8: =(N4-N7)/N4 -> 1 | O8: =AVERAGE(C8:D8) -> 0.95 | P8: =100%-O8 -> 0.05
A9: 4 | B9: Utilisation des moyens d'essai (jours) | C9: 14 | D9: 17 | E9: 5 | O9: =SUM(C9:N9) -> 36
B10: Taux d'occupation des moyens d'essai | C10: =C9/C4 -> 0.63636364 | D10: =D9/D4 -> 0.85 | E10: =E9/E4 -> 0.26315789 | F10: =F9/F4 -> 0 | G10: =G9/G4 -> 0 | H10: =H9/H4 -> 0 | I10: =I9/I4 -> 0 | J10: =J9/J4 -> 0 | ... N10: =N9/N4 -> 0 | O10: =AVERAGE(C10:D10) -> 0.74318182 | P10: =100%-O10 -> 0.25681818
G16: =45/47 -> 0.95744681
B24: Temps moyene entre pannes | C24: MTBF | D24: =C27-C26 -> 400 | E24: jours
B25: Temps Moyen de Réparation | C25: MTTR | D25: =AVERAGE(D30,D33,D36) -> 3 | E25: jours
B26: Date du dernier remise en état après un arrêt non programé | C26: 45509
B27: Aujourd'hui | C27: =TODAY() -> 45909
B28: Panne N° 1 - Début | C28: 45506
B29: Panne N° 1 - Fin | C29: 45509
B30: Temps Moyen de Réparation - panne N° 1 | D30: =C29-C28 -> 3 | E30: jours
B31: Panne N° 2 - Début
B32: Panne N° 2 - Fin
B33: Temps Moyen de Réparation - panne N° 2 | E33: jours
B34: Panne N° 3 - Début
B35: Panne N° 3 - Fin
B36: Temps Moyen de Réparation - panne N° 3 | E36: jours
